id,first_name,last_name,email,age,shirt_size
1,Taryn,Staining,tstaining0@engadget.com,30,XL
2,Claudelle,Rockliffe,crockliffe1@cornell.edu,39,L
3,Ros,Geldeard,rgeldeard2@youtu.be,18,2XL
4,Bonnee,Cowans,bcowans3@statcounter.com,23,M
5,Bondon,Getley,bgetley4@slashdot.org,35,S
6,Adelheid,Hinchon,ahinchon5@skyrock.com,35,XS
7,Clive,Greally,cgreally6@com.com,23,M
8,Arabelle,Davys,adavys7@people.com.cn,27,S
9,Elden,Mallison,emallison8@ftc.gov,20,S
10,Selia,Hucks,shucks9@cbsnews.com,21,M
11,Francklin,Engelmann,fengelmanna@buzzfeed.com,24,XS
12,Fran,Brownsea,fbrownseab@github.com,33,2XL
13,Addia,Blackbrough,ablackbroughc@4shared.com,38,2XL
14,Baird,Brazer,bbrazerd@usatoday.com,32,L
15,Freemon,Dionisi,fdionisie@washingtonpost.com,24,XL
16,Mathilde,Sawford,msawfordf@hubpages.com,39,L
17,Sumner,Motion,smotiong@godaddy.com,36,XS
18,Rainer,Corrison,rcorrisonh@networkadvertising.org,38,3XL
19,Judye,Crut,jcruti@symantec.com,37,S
20,Irving,Mulmuray,imulmurayj@state.tx.us,36,M
21,Bartholomew,Andrivot,bandrivotk@etsy.com,34,L
22,Ingelbert,Bichener,ibichenerl@drupal.org,22,M
23,Myrtie,Dennes,mdennesm@plala.or.jp,30,2XL
24,Jacklyn,D'Elia,jdelian@indiegogo.com,34,XL
25,Candi,Aston,castono@bbc.co.uk,21,XL
26,Aldo,Hessle,ahesslep@spiegel.de,18,L
27,Hieronymus,Nuccii,hnucciiq@narod.ru,40,XL
28,Griff,Hynson,ghynsonr@weebly.com,25,S
29,Haskell,Phelp,hphelps@infoseek.co.jp,32,3XL
30,Matilda,Hubbis,mhubbist@census.gov,22,L
31,Evangelin,Reucastle,ereucastleu@guardian.co.uk,22,L
32,Clio,Plumridge,cplumridgev@auda.org.au,17,L
33,Philippe,Haimes,phaimesw@google.com.au,28,2XL
34,Tamma,Mumberson,tmumbersonx@drupal.org,35,3XL
35,Ertha,Philps,ephilpsy@diigo.com,29,S
36,Ernst,Heisham,eheishamz@tamu.edu,38,XS
37,Virgina,Woltman,vwoltman10@ihg.com,16,XL
38,Conny,Cleland,ccleland11@xrea.com,30,L
39,Jannelle,Luard,jluard12@icio.us,17,M
40,Jobye,Filippi,jfilippi13@theglobeandmail.com,22,S
41,Alvis,Ream,aream14@opera.com,20,S
42,Robbie,Hammersley,rhammersley15@multiply.com,31,2XL
43,Hastings,Crowson,hcrowson16@joomla.org,20,XL
44,Karoline,Billingsley,kbillingsley17@sohu.com,29,3XL
45,Ame,Youll,ayoull18@google.ca,22,S
46,Ario,Bloxam,abloxam19@hud.gov,18,S
47,Verina,Ingman,vingman1a@dedecms.com,28,L
48,Genny,Fulton,gfulton1b@t-online.de,33,XS
49,Darb,Smythe,dsmythe1c@whitehouse.gov,33,3XL
50,Niccolo,Hagland,nhagland1d@nationalgeographic.com,36,2XL
51,Aurelia,Precious,aprecious1e@acquirethisname.com,25,S
52,Andrea,Dufaire,adufaire1f@mapy.cz,38,2XL
53,Martie,Kinsett,mkinsett1g@jugem.jp,20,XL
54,Antoinette,Seine,aseine1h@myspace.com,21,3XL
55,Nevile,Beatson,nbeatson1i@google.co.uk,32,S
56,Lodovico,Glavias,lglavias1j@imageshack.us,26,3XL
57,Travus,Landeaux,tlandeaux1k@phoca.cz,23,2XL
58,Amata,Benedit,abenedit1l@goo.gl,20,XL
59,Irina,Varnals,ivarnals1m@wired.com,39,S
60,Abbi,Sunner,asunner1n@guardian.co.uk,29,3XL
61,Averill,Wayte,awayte1o@unicef.org,26,2XL
62,Rickie,Ilyunin,rilyunin1p@weibo.com,26,3XL
63,Anders,Lavin,alavin1q@xinhuanet.com,21,XS
64,Sascha,Gostyke,sgostyke1r@slate.com,32,M
65,Ferd,O' Gara,fogara1s@friendfeed.com,35,S
66,Laurent,Wheadon,lwheadon1t@skyrock.com,16,S
67,Lynett,Findlay,lfindlay1u@flavors.me,39,M
68,Darwin,Nani,dnani1v@wsj.com,39,L
69,Ugo,Annott,uannott1w@google.de,36,M
70,Nessa,Strowther,nstrowther1x@wikipedia.org,24,S
71,Constancy,Fitchew,cfitchew1y@yolasite.com,33,M
72,Rivalee,Brawson,rbrawson1z@networksolutions.com,37,M
73,Somerset,Maciak,smaciak20@friendfeed.com,20,XL
74,Arron,Lemmanbie,alemmanbie21@cornell.edu,22,S
75,Elizabeth,Lambell,elambell22@gravatar.com,37,XS
76,Delphinia,Lovel,dlovel23@bluehost.com,16,XS
77,Sayers,Colisbe,scolisbe24@foxnews.com,31,L
78,Arv,Hoonahan,ahoonahan25@creativecommons.org,21,2XL
79,Brittaney,Lacotte,blacotte26@intel.com,30,2XL
80,Carson,Lavielle,clavielle27@unc.edu,22,2XL
81,Tallie,Hebden,thebden28@mozilla.org,28,2XL
82,Humbert,Pawelek,hpawelek29@forbes.com,21,M
83,Tamas,Harbottle,tharbottle2a@usa.gov,25,L
84,Chad,Cuming,ccuming2b@nhs.uk,37,XS
85,Alano,Binyon,abinyon2c@pinterest.com,18,S
86,Damian,Besnardeau,dbesnardeau2d@twitter.com,23,XL
87,Joellen,Krug,jkrug2e@dailymotion.com,19,L
88,Mandy,De Andisie,mdeandisie2f@ftc.gov,31,M
89,Shoshana,Temblett,stemblett2g@weibo.com,17,S
90,Leisha,Fulun,lfulun2h@virginia.edu,37,2XL
91,Donella,Nickoles,dnickoles2i@technorati.com,38,XS
92,Kathi,Tart,ktart2j@columbia.edu,32,S
93,Trev,Mattson,tmattson2k@simplemachines.org,40,XL
94,Donnie,Fawcett,dfawcett2l@dell.com,16,XS
95,Rochelle,Aubin,raubin2m@upenn.edu,28,S
96,Beau,Riddell,briddell2n@dailymotion.com,35,XL
97,Erma,Lebond,elebond2o@oaic.gov.au,23,M
98,Leonhard,Brashier,lbrashier2p@domainmarket.com,29,XS
99,Cris,Abisetti,cabisetti2q@ucla.edu,21,3XL
100,Claire,Imason,cimason2r@ucla.edu,37,3XL
101,Wynn,Othick,wothick2s@domainmarket.com,18,2XL
102,Agretha,Szwarc,aszwarc2t@exblog.jp,24,2XL
103,Jackie,Futcher,jfutcher2u@miibeian.gov.cn,23,S
104,Elysee,Fendt,efendt2v@samsung.com,38,XL
105,Fraze,Rittmeyer,frittmeyer2w@nih.gov,21,3XL
106,Kori,Stirland,kstirland2x@over-blog.com,26,2XL
107,June,Polendine,jpolendine2y@earthlink.net,35,XS
108,Tarrah,Brettel,tbrettel2z@seesaa.net,40,S
109,Quincy,Arnopp,qarnopp30@squarespace.com,40,3XL
110,Leila,Gavrieli,lgavrieli31@clickbank.net,37,XS
111,Audre,Gidney,agidney32@accuweather.com,30,XS
112,Araldo,Seckington,aseckington33@sina.com.cn,20,S
113,Sally,Rowes,srowes34@wordpress.com,16,XL
114,Alphard,Marven,amarven35@imageshack.us,33,L
115,Duffy,Harcourt,dharcourt36@comcast.net,28,L
116,Katleen,Tapping,ktapping37@desdev.cn,18,M
117,Oona,Bortolomei,obortolomei38@vimeo.com,30,XL
118,Grata,Haworth,ghaworth39@prlog.org,38,XL
119,Bernhard,Ventris,bventris3a@moonfruit.com,35,XL
120,Deb,Vanyashin,dvanyashin3b@lulu.com,36,XL
121,Dione,Tebbutt,dtebbutt3c@tinyurl.com,23,M
122,Ferguson,Druery,fdruery3d@github.com,34,M
123,Franny,Clymer,fclymer3e@dot.gov,18,XL
124,Minnaminnie,Fautly,mfautly3f@shinystat.com,37,M
125,Constantino,Skillern,cskillern3g@fotki.com,33,XS
126,Kendre,Horlick,khorlick3h@xinhuanet.com,28,3XL
127,Sophie,Noice,snoice3i@mlb.com,24,XS
128,Ambrosi,Crossgrove,acrossgrove3j@umich.edu,27,M
129,Gus,Woolfenden,gwoolfenden3k@google.co.uk,35,2XL
130,Rhona,Castagnet,rcastagnet3l@liveinternet.ru,34,S
131,Leeanne,Foard,lfoard3m@state.tx.us,27,L
132,Adam,Sherwood,asherwood3n@blinklist.com,27,S
133,Aleda,Geering,ageering3o@opensource.org,22,S
134,Kassia,Staniland,kstaniland3p@gnu.org,35,XL
135,Renate,Warters,rwarters3q@rediff.com,32,S
136,Reine,Batchelar,rbatchelar3r@fema.gov,28,M
137,James,Nutting,jnutting3s@zdnet.com,33,3XL
138,Julee,Ironside,jironside3t@dot.gov,36,XS
139,Rutledge,Sammons,rsammons3u@php.net,27,3XL
140,Fidelia,Rollitt,frollitt3v@mayoclinic.com,38,2XL
141,Domini,Stringman,dstringman3w@icq.com,34,2XL
142,Nicolas,Zimek,nzimek3x@un.org,19,S
143,Quintilla,Benting,qbenting3y@epa.gov,37,S
144,Kristo,Aysik,kaysik3z@pbs.org,22,M
145,Dorena,Iannuzzelli,diannuzzelli40@vkontakte.ru,39,3XL
146,Shae,Ionnisian,sionnisian41@xrea.com,27,XS
147,Orsa,Ellick,oellick42@soundcloud.com,18,XL
148,Maridel,Collcott,mcollcott43@lulu.com,26,3XL
149,Flemming,Rollins,frollins44@addthis.com,26,XS
150,Tod,Leith-Harvey,tleithharvey45@dion.ne.jp,29,3XL
151,Mariejeanne,Hourihan,mhourihan46@merriam-webster.com,18,L
152,Portia,Amies,pamies47@i2i.jp,35,S
153,Catharina,Knibley,cknibley48@nsw.gov.au,37,S
154,Sianna,Queyos,squeyos49@deviantart.com,37,3XL
155,Pepita,MacCafferky,pmaccafferky4a@hexun.com,29,M
156,Riley,Klimmek,rklimmek4b@tinypic.com,24,XL
157,Jacquette,Johnsee,jjohnsee4c@amazon.com,17,XL
158,Verine,Gimbrett,vgimbrett4d@soup.io,22,XL
159,Justen,McDarmid,jmcdarmid4e@hc360.com,22,2XL
160,Guinevere,Peer,gpeer4f@deviantart.com,23,XS
161,Barbe,Fotitt,bfotitt4g@1688.com,30,S
162,Sergio,Dict,sdict4h@msn.com,37,M
163,Malchy,Dedon,mdedon4i@xinhuanet.com,16,XL
164,Zulema,Yarn,zyarn4j@hao123.com,31,XL
165,Ludovika,Fuge,lfuge4k@cisco.com,32,S
166,Staffard,Bahl,sbahl4l@vistaprint.com,17,S
167,Vivien,Yarnley,vyarnley4m@toplist.cz,38,XL
168,Roxi,Gairdner,rgairdner4n@xrea.com,32,XL
169,Kym,Creech,kcreech4o@trellian.com,36,S
170,Odie,Cisco,ocisco4p@ucsd.edu,20,3XL
171,Roshelle,Devine,rdevine4q@thetimes.co.uk,23,3XL
172,Ettie,Palay,epalay4r@howstuffworks.com,21,L
173,Joelie,Pont,jpont4s@psu.edu,30,3XL
174,Blake,Sabey,bsabey4t@opera.com,19,XL
175,Ray,Bolles,rbolles4u@gov.uk,28,L
176,Caressa,Lehrmann,clehrmann4v@123-reg.co.uk,16,L
177,Avie,Boone,aboone4w@ucoz.com,26,XS
178,Gwendolen,Flintoffe,gflintoffe4x@com.com,36,S
179,Marcel,Cremins,mcremins4y@devhub.com,16,XL
180,Julieta,Faulo,jfaulo4z@webnode.com,29,S
181,Chucho,Stabler,cstabler50@xrea.com,24,L
182,Belva,Dallin,bdallin51@toplist.cz,25,2XL
183,Arte,Burd,aburd52@phoca.cz,31,M
184,Sib,Brownhill,sbrownhill53@mashable.com,20,XS
185,Nobe,Milmith,nmilmith54@yellowbook.com,38,2XL
186,Claus,Pimmocke,cpimmocke55@umich.edu,37,3XL
187,Merissa,Hardbattle,mhardbattle56@amazonaws.com,34,M
188,Leodora,Yushkov,lyushkov57@ted.com,36,M
189,Celinda,Glayzer,cglayzer58@goo.ne.jp,17,XL
190,Caldwell,Ferrai,cferrai59@hao123.com,19,XS
191,Wain,MacRorie,wmacrorie5a@sciencedirect.com,29,M
192,Rance,Dilland,rdilland5b@state.tx.us,22,2XL
193,Kath,Mobbs,kmobbs5c@boston.com,37,L
194,Loralie,Davids,ldavids5d@businessweek.com,38,S
195,Marcellina,Carmichael,mcarmichael5e@odnoklassniki.ru,27,M
196,Essy,Fear,efear5f@weebly.com,32,M
197,Salome,Ickowics,sickowics5g@craigslist.org,22,S
198,Dorice,Batie,dbatie5h@dell.com,20,M
199,Daria,Priddy,dpriddy5i@artisteer.com,33,S
200,D'arcy,Christon,dchriston5j@stanford.edu,19,L
201,Gavrielle,Benck,gbenck5k@dedecms.com,40,XS
202,Bennett,Conyard,bconyard5l@twitpic.com,36,3XL
203,Cassandry,Westwick,cwestwick5m@bbc.co.uk,32,XL
204,Vassily,Morcomb,vmorcomb5n@blogspot.com,22,XS
205,Anastasie,Scottesmoor,ascottesmoor5o@jimdo.com,36,XS
206,Enoch,Jaquin,ejaquin5p@about.com,39,S
207,Patrick,Dennis,pdennis5q@example.com,27,3XL
208,Gerrard,Stranks,gstranks5r@ocn.ne.jp,16,S
209,Margy,Goundrill,mgoundrill5s@un.org,40,3XL
210,Nellie,Haswall,nhaswall5t@nasa.gov,20,XS
211,Vladamir,Dalziell,vdalziell5u@cdbaby.com,19,XL
212,Dulcia,Gencke,dgencke5v@berkeley.edu,29,3XL
213,Coralyn,Najara,cnajara5w@amazon.co.jp,35,XS
214,Mason,Vannuccinii,mvannuccinii5x@lulu.com,21,3XL
215,Shawna,Whitters,swhitters5y@timesonline.co.uk,37,3XL
216,Leonelle,Ingleson,lingleson5z@umn.edu,16,M
217,Micheal,Heeks,mheeks60@alexa.com,30,3XL
218,Danella,Royston,droyston61@businessinsider.com,39,XL
219,Avigdor,Kibblewhite,akibblewhite62@huffingtonpost.com,29,M
220,Lacy,Adriaan,ladriaan63@list-manage.com,34,XS
221,Trixy,Broggio,tbroggio64@tmall.com,40,3XL
222,Moyna,Hearle,mhearle65@exblog.jp,31,XS
223,Sharity,Tarbard,starbard66@newsvine.com,39,2XL
224,Katerina,Falkous,kfalkous67@irs.gov,40,XL
225,Gamaliel,Scrauniage,gscrauniage68@wufoo.com,38,2XL
226,Nada,Gioan,ngioan69@oaic.gov.au,30,3XL
227,Christine,Ryley,cryley6a@howstuffworks.com,33,L
228,Codee,Endricci,cendricci6b@e-recht24.de,19,2XL
229,Manya,Frend,mfrend6c@51.la,24,M
230,Raphael,Degenhardt,rdegenhardt6d@linkedin.com,18,2XL
231,Yevette,Hooks,yhooks6e@smugmug.com,30,L
232,Gerti,Spoward,gspoward6f@t-online.de,39,S
233,Ninnetta,Bednall,nbednall6g@google.de,16,3XL
234,Silvester,Jirzik,sjirzik6h@ifeng.com,27,M
235,Joby,Walling,jwalling6i@ow.ly,18,S
236,Wilfrid,Groocock,wgroocock6j@cornell.edu,28,2XL
237,Prinz,McHenry,pmchenry6k@cafepress.com,26,2XL
238,Devina,Ollis,dollis6l@taobao.com,37,3XL
239,Olly,Liggens,oliggens6m@squidoo.com,36,L
240,Alden,Corris,acorris6n@newyorker.com,18,M
241,Rudolf,Chambers,rchambers6o@statcounter.com,25,XS
242,Elianore,Everiss,eeveriss6p@yandex.ru,23,XS
243,Mab,Pays,mpays6q@pen.io,22,S
244,Inessa,Le Maitre,ilemaitre6r@berkeley.edu,32,3XL
245,Sella,Inett,sinett6s@independent.co.uk,38,L
246,Earle,Stockwell,estockwell6t@issuu.com,22,XL
247,Maryanne,Zannelli,mzannelli6u@deliciousdays.com,25,L
248,Sheela,Simmank,ssimmank6v@spotify.com,23,XS
249,Donelle,Maidment,dmaidment6w@google.ca,32,XS
250,Teddi,Goodsell,tgoodsell6x@tiny.cc,17,M
251,Irwinn,Mumbray,imumbray6y@yolasite.com,16,L
252,Josy,Shakle,jshakle6z@squidoo.com,22,3XL
253,Jordan,Bradlaugh,jbradlaugh70@instagram.com,30,XL
254,Ferguson,Skippon,fskippon71@bravesites.com,31,3XL
255,Avivah,Guthrie,aguthrie72@pagesperso-orange.fr,32,M
256,Donella,Baitson,dbaitson73@mit.edu,21,L
257,Web,Snape,wsnape74@wisc.edu,16,XS
258,Griffin,Castenda,gcastenda75@usatoday.com,17,L
259,Bryanty,Reap,breap76@devhub.com,16,3XL
260,Lauritz,Curley,lcurley77@digg.com,29,M
261,Kleon,Hynes,khynes78@mashable.com,31,XL
262,Ody,Bubear,obubear79@auda.org.au,23,L
263,Valaria,Elldred,velldred7a@sciencedaily.com,16,3XL
264,Rachele,Faulks,rfaulks7b@unesco.org,19,3XL
265,Nobie,Keys,nkeys7c@barnesandnoble.com,40,M
266,Kimmy,Meiklejohn,kmeiklejohn7d@icio.us,18,S
267,Bettine,Dugald,bdugald7e@goo.gl,18,XS
268,Bruce,Radolf,bradolf7f@odnoklassniki.ru,33,M
269,Jo ann,Carnall,jcarnall7g@nature.com,20,3XL
270,Debor,Tingcomb,dtingcomb7h@parallels.com,36,XS
271,Myrta,Jerrim,mjerrim7i@theatlantic.com,23,S
272,Conroy,Scrooby,cscrooby7j@google.nl,24,S
273,Westleigh,Stolworthy,wstolworthy7k@tripod.com,36,3XL
274,Julina,Kobierski,jkobierski7l@shutterfly.com,32,3XL
275,Ara,Southway,asouthway7m@seesaa.net,23,M
276,Rachael,Choulerton,rchoulerton7n@adobe.com,18,S
277,Perkin,O'Gormally,pogormally7o@prnewswire.com,34,L
278,Danie,Godspede,dgodspede7p@ezinearticles.com,37,2XL
279,Hardy,Martini,hmartini7q@admin.ch,18,M
280,Ozzie,Whenham,owhenham7r@weebly.com,26,2XL
281,Paco,Willavize,pwillavize7s@photobucket.com,20,2XL
282,Hendrika,Ismirnioglou,hismirnioglou7t@npr.org,29,M
283,Brnaba,Kurdani,bkurdani7u@about.me,19,L
284,Marshall,Schober,mschober7v@booking.com,25,M
285,Seline,Warbys,swarbys7w@mysql.com,17,M
286,Hube,Vannuccini,hvannuccini7x@sbwire.com,31,L
287,Madlin,Daddow,mdaddow7y@drupal.org,26,2XL
288,Melodee,Cunah,mcunah7z@harvard.edu,29,L
289,Blithe,Doag,bdoag80@squidoo.com,39,S
290,Kyle,Domm,kdomm81@whitehouse.gov,24,M
291,Odell,Raffles,oraffles82@eepurl.com,25,L
292,Jephthah,Itzig,jitzig83@myspace.com,21,2XL
293,Anson,Casely,acasely84@sohu.com,35,M
294,Brenden,Landeaux,blandeaux85@go.com,25,XS
295,Pietra,Mulhall,pmulhall86@qq.com,24,XS
296,Lavinia,Rowledge,lrowledge87@goodreads.com,40,3XL
297,Leontine,Wicks,lwicks88@issuu.com,27,2XL
298,Marc,Saby,msaby89@hhs.gov,19,S
299,Karoly,Glasby,kglasby8a@barnesandnoble.com,37,S
300,Courtenay,Lang,clang8b@ucla.edu,26,S
301,Karissa,Elijahu,kelijahu8c@alexa.com,32,XS
302,Randell,Lilliman,rlilliman8d@nydailynews.com,23,3XL
303,Corabella,Eilers,ceilers8e@apache.org,22,XS
304,Leonelle,Van den Hof,lvandenhof8f@infoseek.co.jp,22,M
305,Lyndsay,Penley,lpenley8g@amazonaws.com,16,L
306,Patricio,McDonnell,pmcdonnell8h@ycombinator.com,26,S
307,Nial,Plott,nplott8i@princeton.edu,26,2XL
308,Shir,Mityushkin,smityushkin8j@tumblr.com,39,S
309,Goldarina,Corrington,gcorrington8k@netlog.com,35,3XL
310,Ivan,Poile,ipoile8l@earthlink.net,22,2XL
311,Joseph,Hyndman,jhyndman8m@1688.com,39,2XL
312,Alison,Mynett,amynett8n@ameblo.jp,27,XS
313,Florian,Magor,fmagor8o@cam.ac.uk,27,3XL
314,Courtney,Dregan,cdregan8p@yellowbook.com,37,S
315,Lawton,Elsley,lelsley8q@nyu.edu,35,2XL
316,Ellynn,Ghirigori,eghirigori8r@hugedomains.com,19,S
317,Minne,Kydde,mkydde8s@ezinearticles.com,35,M
318,Calhoun,Gretton,cgretton8t@census.gov,19,2XL
319,Bari,Rathborne,brathborne8u@indiegogo.com,38,XL
320,Paco,Sieghard,psieghard8v@apple.com,29,S
321,Nick,McKoy,nmckoy8w@businessinsider.com,21,3XL
322,Minne,Dispencer,mdispencer8x@loc.gov,30,S
323,Almire,Braiden,abraiden8y@wufoo.com,38,M
324,Margret,Coke,mcoke8z@nifty.com,38,3XL
325,Larina,Mosten,lmosten90@flavors.me,29,L
326,Anatola,Shevels,ashevels91@amazon.co.uk,16,XS
327,Demetri,Jellman,djellman92@i2i.jp,36,2XL
328,Worden,Goskar,wgoskar93@yahoo.com,28,L
329,Felicity,Tiner,ftiner94@unicef.org,19,L
330,Cherianne,Mulbery,cmulbery95@cam.ac.uk,34,3XL
331,Baxy,Skeffington,bskeffington96@globo.com,36,2XL
332,Atlanta,Vinden,avinden97@surveymonkey.com,33,3XL
333,Prisca,Burston,pburston98@4shared.com,18,2XL
334,Shae,Huggan,shuggan99@gravatar.com,35,XL
335,Rhetta,Cauderlie,rcauderlie9a@ihg.com,33,S
336,Chelsae,McArdle,cmcardle9b@a8.net,22,S
337,Hildagard,Swindells,hswindells9c@cocolog-nifty.com,34,L
338,Armand,Dreng,adreng9d@newyorker.com,29,2XL
339,Lurette,Saker,lsaker9e@skype.com,35,XS
340,Onfroi,Whye,owhye9f@edublogs.org,36,3XL
341,Clevey,Grollmann,cgrollmann9g@nps.gov,36,3XL
342,Julienne,Coulter,jcoulter9h@tripod.com,24,XS
343,Juan,Grishanin,jgrishanin9i@washingtonpost.com,16,M
344,Gustaf,Leetham,gleetham9j@furl.net,32,2XL
345,Clemmie,McKeighan,cmckeighan9k@wired.com,21,2XL
346,Eudora,Norvell,enorvell9l@addtoany.com,17,L
347,Zia,Weekly,zweekly9m@uol.com.br,30,S
348,Lari,Reasce,lreasce9n@cnn.com,28,M
349,Zonnya,Meehan,zmeehan9o@infoseek.co.jp,19,2XL
350,Vivyanne,Wigsell,vwigsell9p@so-net.ne.jp,32,S
351,Kamila,Brisker,kbrisker9q@flickr.com,32,XS
352,Mateo,Jarmain,mjarmain9r@nature.com,33,M
353,Gabriele,Crownshaw,gcrownshaw9s@disqus.com,31,S
354,Danella,Carbett,dcarbett9t@intel.com,40,2XL
355,Madella,Dict,mdict9u@arstechnica.com,39,XL
356,Daffi,Landa,dlanda9v@people.com.cn,16,XS
357,Jermayne,Sweeny,jsweeny9w@about.me,25,S
358,Ashlen,MacDonell,amacdonell9x@hc360.com,21,M
359,Gannon,Durning,gdurning9y@yelp.com,29,S
360,Yuri,Murrish,ymurrish9z@xinhuanet.com,38,XS
361,Leticia,Urian,luriana0@ow.ly,35,2XL
362,Pandora,Farryann,pfarryanna1@unc.edu,24,3XL
363,Bren,Bewsey,bbewseya2@thetimes.co.uk,31,3XL
364,Gusella,Jakubovitch,gjakubovitcha3@nsw.gov.au,28,M
365,Liv,Sterland,lsterlanda4@addtoany.com,19,XS
366,Phaedra,Darree,pdarreea5@wiley.com,24,XL
367,Lem,Harfleet,lharfleeta6@t.co,39,3XL
368,Bibbye,Keuntje,bkeuntjea7@slate.com,21,XS
369,Thoma,Gianolini,tgianolinia8@nsw.gov.au,17,XL
370,Vick,Guynemer,vguynemera9@list-manage.com,18,3XL
371,Zane,Biscomb,zbiscombaa@a8.net,36,XL
372,Melinda,Grabban,mgrabbanab@hubpages.com,29,M
373,Charmian,Walework,cwaleworkac@miitbeian.gov.cn,25,M
374,Nerte,Deverson,ndeversonad@hibu.com,35,M
375,Zorana,McTurley,zmcturleyae@istockphoto.com,25,2XL
376,Kristoffer,Shadfourth,kshadfourthaf@quantcast.com,26,L
377,Bill,O'Mullally,bomullallyag@unesco.org,23,S
378,Briant,Palomba,bpalombaah@mlb.com,26,XL
379,Jamill,Sly,jslyai@cam.ac.uk,26,XL
380,Lilyan,Flack,lflackaj@de.vu,17,L
381,Dwain,Wathall,dwathallak@alexa.com,25,3XL
382,Quentin,Anton,qantonal@twitter.com,25,2XL
383,Maia,Brumhead,mbrumheadam@google.cn,36,XS
384,Sallyanne,Gallgher,sgallgheran@arizona.edu,33,3XL
385,Nicola,Crackett,ncrackettao@stanford.edu,31,M
386,Kip,Murie,kmurieap@newsvine.com,35,3XL
387,Jewelle,Wren,jwrenaq@cocolog-nifty.com,26,XL
388,Phip,Jeremiah,pjeremiahar@elegantthemes.com,39,3XL
389,Michel,Glavis,mglavisas@bbc.co.uk,35,L
390,Corenda,Coatts,ccoattsat@prweb.com,28,M
391,Hillard,Silbert,hsilbertau@businessinsider.com,32,XS
392,Emmy,Sore,esoreav@boston.com,40,M
393,Lauri,Glading,lgladingaw@un.org,40,2XL
394,Angelle,St. Ledger,astledgerax@networksolutions.com,38,XS
395,Bud,Dealy,bdealyay@multiply.com,40,M
396,Maye,Pietron,mpietronaz@google.it,27,2XL
397,Gonzalo,Wemes,gwemesb0@flickr.com,34,2XL
398,Sorcha,Farnon,sfarnonb1@nyu.edu,22,XS
399,Rebekah,Youdell,ryoudellb2@abc.net.au,19,S
400,Emmit,Erdis,eerdisb3@gizmodo.com,19,M
401,Christi,Haresign,charesignb4@usatoday.com,36,XL
402,Giacobo,Domenge,gdomengeb5@shareasale.com,31,S
403,Julee,Kulvear,jkulvearb6@wiley.com,24,3XL
404,Ada,Dmitrienko,admitrienkob7@biblegateway.com,40,M
405,Lianna,Bottrell,lbottrellb8@1und1.de,18,2XL
406,Kira,Angrove,kangroveb9@princeton.edu,27,XS
407,Dasie,Dincey,ddinceyba@webmd.com,23,2XL
408,Reggie,McInerney,rmcinerneybb@indiegogo.com,16,S
409,Cash,Pioch,cpiochbc@list-manage.com,29,M
410,Berke,Sextie,bsextiebd@homestead.com,21,2XL
411,Giordano,Gecke,ggeckebe@yale.edu,34,3XL
412,Vinnie,Toolin,vtoolinbf@linkedin.com,20,3XL
413,Ashlee,Otterwell,aotterwellbg@ucoz.ru,31,XL
414,Susanetta,Preto,spretobh@etsy.com,22,XS
415,Cori,Currall,ccurrallbi@msu.edu,31,3XL
416,Elvira,Izachik,eizachikbj@over-blog.com,34,3XL
417,Maurits,Eard,meardbk@google.ca,26,L
418,Arabella,Antrim,aantrimbl@drupal.org,25,L
419,Tedi,Dowles,tdowlesbm@narod.ru,21,XL
420,Dorine,Cornborough,dcornboroughbn@who.int,16,3XL
421,Beniamino,Pounds,bpoundsbo@macromedia.com,20,XS
422,Delano,Gamet,dgametbp@usda.gov,33,M
423,Raimundo,Beamand,rbeamandbq@last.fm,35,2XL
424,Lynette,Bourgeois,lbourgeoisbr@ucsd.edu,19,2XL
425,Marjory,Shepley,mshepleybs@drupal.org,35,S
426,Wallace,Ricardin,wricardinbt@quantcast.com,17,M
427,Clement,Vynarde,cvynardebu@joomla.org,40,XL
428,Laurence,Thirlwall,lthirlwallbv@ocn.ne.jp,22,2XL
429,Ailey,Stanes,astanesbw@plala.or.jp,38,2XL
430,Georgeanna,Lammin,glamminbx@ucoz.com,36,L
431,Zed,Bison,zbisonby@trellian.com,18,L
432,Merrili,Kalf,mkalfbz@wisc.edu,32,3XL
433,Abbye,Francioli,afranciolic0@deliciousdays.com,27,XS
434,Pauline,Tyrrell,ptyrrellc1@goo.ne.jp,23,L
435,Rock,Frusher,rfrusherc2@nasa.gov,38,S
436,Nicola,Klessmann,nklessmannc3@macromedia.com,36,S
437,Elisha,Whiteman,ewhitemanc4@amazon.co.uk,21,L
438,Duncan,Spittall,dspittallc5@wordpress.com,19,XS
439,Elka,Bushaway,ebushawayc6@cornell.edu,39,L
440,Isaiah,Tirkin,itirkinc7@creativecommons.org,39,S
441,Dallon,Ormonde,dormondec8@cisco.com,31,XS
442,Morgana,Lightowler,mlightowlerc9@paypal.com,19,XL
443,Eada,Ivins,eivinsca@springer.com,28,L
444,Alexandrina,MacPharlain,amacpharlaincb@goo.gl,34,XL
445,Katti,Nacci,knaccicc@imageshack.us,30,3XL
446,Glenden,Antoshin,gantoshincd@liveinternet.ru,27,XL
447,Nona,Howse,nhowsece@fotki.com,37,XL
448,Collete,Courtes,ccourtescf@canalblog.com,27,S
449,Russell,Krates,rkratescg@odnoklassniki.ru,26,L
450,Neils,Wratten,nwrattench@over-blog.com,28,M
451,Lelah,Gostick,lgostickci@sogou.com,23,XS
452,Sibylle,Arnao,sarnaocj@icq.com,16,2XL
453,Cyril,Frye,cfryeck@tiny.cc,19,XL
454,Donnie,Sarra,dsarracl@123-reg.co.uk,19,L
455,Kylie,Briereton,kbrieretoncm@google.ca,33,3XL
456,Alfi,Douch,adouchcn@globo.com,40,M
457,See,Cramb,scrambco@photobucket.com,20,3XL
458,Camey,Sellick,csellickcp@tinypic.com,26,XS
459,Edee,Saph,esaphcq@digg.com,22,2XL
460,Wallis,Millson,wmillsoncr@time.com,37,M
461,Mei,Wooldridge,mwooldridgecs@imageshack.us,39,2XL
462,Yule,Bourrel,ybourrelct@youku.com,25,XL
463,Pietro,Shynn,pshynncu@cpanel.net,30,M
464,Renelle,Lemmer,rlemmercv@google.ru,31,L
465,Garvin,Mahedy,gmahedycw@sciencedirect.com,19,M
466,Terence,Henaughan,thenaughancx@sbwire.com,23,XL
467,Kaine,Domesday,kdomesdaycy@wufoo.com,20,XL
468,Clevey,Guage,cguagecz@webnode.com,30,S
469,Lyn,Shoebotham,lshoebothamd0@tripod.com,39,XS
470,Burr,Saye,bsayed1@engadget.com,23,XL
471,Tristam,Brideau,tbrideaud2@cdc.gov,20,S
472,Kissiah,Purdie,kpurdied3@google.co.jp,26,XL
473,Leandra,Bottrell,lbottrelld4@csmonitor.com,25,M
474,Kiele,Cussen,kcussend5@stumbleupon.com,20,L
475,Dayle,Stapforth,dstapforthd6@nbcnews.com,34,S
476,Elston,Pottiphar,epottiphard7@bing.com,29,M
477,Dawn,Rimmer,drimmerd8@jigsy.com,26,XS
478,Yurik,Bertin,ybertind9@blogs.com,20,2XL
479,Jewel,Ahrenius,jahreniusda@illinois.edu,22,XL
480,Lorianna,Hattoe,lhattoedb@alexa.com,23,S
481,Lammond,Ayliffe,layliffedc@toplist.cz,20,M
482,Tynan,Cleverly,tcleverlydd@privacy.gov.au,31,L
483,Augusta,Bernhart,abernhartde@artisteer.com,17,XS
484,Dylan,Verbruggen,dverbruggendf@techcrunch.com,31,L
485,Etta,Thirwell,ethirwelldg@ask.com,29,2XL
486,Berty,Sertin,bsertindh@sfgate.com,16,L
487,Udale,Bergin,ubergindi@marketwatch.com,32,XL
488,Lynelle,Stanislaw,lstanislawdj@booking.com,29,XS
489,Jamie,Iiannone,jiiannonedk@goo.gl,29,2XL
490,Joanna,Ricciardelli,jricciardellidl@nih.gov,25,2XL
491,Alvina,Wheldon,awheldondm@gmpg.org,24,M
492,Alison,Rosenkranc,arosenkrancdn@walmart.com,37,XL
493,Tasha,Spataro,tspatarodo@geocities.jp,35,L
494,Sherline,Barrs,sbarrsdp@usnews.com,27,L
495,Corrie,Cuseck,ccuseckdq@ca.gov,26,L
496,Niko,Latan,nlatandr@cnet.com,17,XL
497,Moises,Milvarnie,mmilvarnieds@ftc.gov,40,S
498,Othelia,Sondon,osondondt@e-recht24.de,20,XS
499,Saunder,Caulcutt,scaulcuttdu@creativecommons.org,18,S
500,Twyla,Twidell,ttwidelldv@mozilla.com,37,XS
501,Kissie,Huske,khuskedw@google.fr,25,XL
502,Burk,Ucceli,buccelidx@mayoclinic.com,24,XS
503,Ingar,Smellie,ismelliedy@geocities.com,32,XL
504,Carissa,Tremontana,ctremontanadz@bluehost.com,33,M
505,Brett,Worboys,bworboyse0@youtu.be,37,L
506,Eduino,Goldthorpe,egoldthorpee1@posterous.com,39,XL
507,Roze,Killford,rkillforde2@xinhuanet.com,36,XL
508,Catherina,Spitell,cspitelle3@123-reg.co.uk,26,XS
509,Shirlee,Noore,snooree4@google.co.jp,25,S
510,Waite,Brosel,wbrosele5@java.com,18,3XL
511,Roseanne,Bernardinelli,rbernardinellie6@163.com,35,S
512,Filippa,Trevorrow,ftrevorrowe7@simplemachines.org,20,XS
513,Tarrance,Edgecombe,tedgecombee8@weebly.com,31,XS
514,Erwin,Crooks,ecrookse9@ucoz.com,35,S
515,Isak,Bernardet,ibernardetea@barnesandnoble.com,35,XL
516,Colas,Pellamonuten,cpellamonuteneb@ed.gov,20,M
517,Sapphire,Hryskiewicz,shryskiewiczec@gizmodo.com,21,XL
518,Justin,Longworth,jlongworthed@photobucket.com,19,L
519,Chiquita,Plain,cplainee@omniture.com,33,S
520,Madeline,Capstaff,mcapstaffef@reference.com,39,3XL
521,Cyndie,Torbett,ctorbetteg@ameblo.jp,20,M
522,Elysha,Holdforth,eholdfortheh@slashdot.org,25,XL
523,Gladi,Goldsack,ggoldsackei@pcworld.com,31,XS
524,Isidoro,Altree,ialtreeej@trellian.com,35,3XL
525,Cherish,Grout,cgroutek@flickr.com,33,XL
526,Emanuel,Dewberry,edewberryel@over-blog.com,37,L
527,Aline,Drews,adrewsem@cargocollective.com,20,L
528,Karon,Tresler,ktresleren@apache.org,17,XL
529,Sissy,Ternent,sternenteo@list-manage.com,23,XS
530,Gerhardine,Marlen,gmarlenep@jiathis.com,28,XL
531,Malchy,Van Geffen,mvangeffeneq@berkeley.edu,27,XS
532,Ree,Tedder,rtedderer@tiny.cc,25,3XL
533,Pammi,Reach,preaches@bravesites.com,17,3XL
534,Beauregard,Ransley,bransleyet@kickstarter.com,37,XL
535,Dermot,Lickorish,dlickorisheu@amazonaws.com,35,S
536,Delphinia,Shercliff,dshercliffev@php.net,18,M
537,Janos,Andrasch,jandraschew@loc.gov,19,XS
538,Juliann,Ead,jeadex@freewebs.com,16,2XL
539,Reyna,Halsted,rhalstedey@sakura.ne.jp,28,2XL
540,Belinda,de Merida,bdemeridaez@php.net,33,S
541,Dorie,Meadley,dmeadleyf0@prlog.org,24,2XL
542,Connie,Borwick,cborwickf1@altervista.org,21,M
543,Dyna,Udall,dudallf2@nytimes.com,25,S
544,Shandeigh,Rosie,srosief3@sciencedaily.com,25,XS
545,Reggis,Brine,rbrinef4@engadget.com,18,S
546,Humberto,Lyste,hlystef5@bizjournals.com,40,2XL
547,Thacher,Lighten,tlightenf6@t.co,40,L
548,Rudolf,Garber,rgarberf7@biblegateway.com,17,3XL
549,Wilburt,Le Lievre,wlelievref8@blogspot.com,32,L
550,Ruy,Vlasenkov,rvlasenkovf9@dell.com,28,3XL
551,Idell,Bolderstone,ibolderstonefa@constantcontact.com,32,L
552,Marvin,Wymer,mwymerfb@google.com.br,26,3XL
553,Godard,Clyne,gclynefc@salon.com,37,S
554,Eartha,Quade,equadefd@berkeley.edu,22,2XL
555,Jami,Baton,jbatonfe@virginia.edu,21,3XL
556,Zelig,Pole,zpoleff@cafepress.com,34,2XL
557,Tom,Eaves,teavesfg@nymag.com,20,L
558,Darryl,Pawelek,dpawelekfh@arstechnica.com,35,L
559,Priscilla,Storey,pstoreyfi@boston.com,30,3XL
560,Jefferson,Slowly,jslowlyfj@addtoany.com,27,3XL
561,Kym,Lecky,kleckyfk@hud.gov,39,2XL
562,Kally,Anney,kanneyfl@dagondesign.com,22,M
563,Odelinda,Bodell,obodellfm@paginegialle.it,26,2XL
564,Skyler,Pideon,spideonfn@lulu.com,36,3XL
565,Stevie,Seeley,sseeleyfo@independent.co.uk,23,XL
566,Vasili,Wilcot,vwilcotfp@si.edu,33,XL
567,Ianthe,Ormesher,iormesherfq@shareasale.com,18,S
568,Latrena,Dyter,ldyterfr@163.com,17,M
569,Noe,Eard,neardfs@dailymotion.com,16,S
570,Thadeus,Cruddas,tcruddasft@g.co,29,XS
571,Fletcher,Bathoe,fbathoefu@loc.gov,39,M
572,Marquita,Slimmon,mslimmonfv@indiegogo.com,23,XS
573,Carole,Jerrold,cjerroldfw@sourceforge.net,26,XS
574,Irena,Sherrard,isherrardfx@theatlantic.com,29,2XL
575,Lionel,Boughen,lboughenfy@joomla.org,27,M
576,Garald,Seely,gseelyfz@ocn.ne.jp,33,L
577,Zak,Male,zmaleg0@comsenz.com,18,3XL
578,Rutger,Solesbury,rsolesburyg1@umich.edu,18,XS
579,Quinta,Penhallurick,qpenhallurickg2@google.fr,31,XL
580,Nadia,Simkovich,nsimkovichg3@home.pl,27,3XL
581,Ferdie,Saunder,fsaunderg4@earthlink.net,35,S
582,Calli,Godfrey,cgodfreyg5@shareasale.com,33,S
583,Winslow,Zemler,wzemlerg6@constantcontact.com,21,XS
584,Sanderson,Portchmouth,sportchmouthg7@lulu.com,30,M
585,Jeremie,Brister,jbristerg8@usa.gov,27,3XL
586,Mathilde,Otter,motterg9@devhub.com,38,XL
587,Jesus,Cronk,jcronkga@canalblog.com,38,L
588,Tibold,Reeveley,treeveleygb@weather.com,40,2XL
589,Howard,Wiffler,hwifflergc@adobe.com,25,XS
590,Sebastien,Hollyer,shollyergd@auda.org.au,17,2XL
591,Michell,Connachan,mconnachange@slate.com,30,L
592,Keefe,Climo,kclimogf@bing.com,25,L
593,Ginger,Seneschal,gseneschalgg@kickstarter.com,35,XL
594,Darren,Testin,dtestingh@sakura.ne.jp,37,S
595,Salim,Diament,sdiamentgi@sciencedirect.com,26,2XL
596,Randie,Sired,rsiredgj@ted.com,16,2XL
597,Tracey,Duester,tduestergk@myspace.com,25,3XL
598,Darryl,Druery,ddruerygl@dagondesign.com,27,2XL
599,Ansell,Fabb,afabbgm@ehow.com,38,3XL
600,Mickie,Fierro,mfierrogn@hatena.ne.jp,18,M
601,Benni,Drayn,bdrayngo@facebook.com,30,M
602,Ingunna,Flitcroft,iflitcroftgp@joomla.org,32,XL
603,Clarinda,Yoodall,cyoodallgq@usda.gov,26,L
604,Carie,Cottesford,ccottesfordgr@archive.org,21,XL
605,Arlie,Oganian,aoganiangs@mtv.com,34,S
606,Kevin,Kalinovich,kkalinovichgt@about.me,30,S
607,Frederique,Noorwood,fnoorwoodgu@unesco.org,32,XL
608,Tannie,Raisher,traishergv@google.pl,33,L
609,Fredek,Service,fservicegw@bloglovin.com,38,M
610,Staford,Babidge,sbabidgegx@washington.edu,17,L
611,Estella,Finder,efindergy@twitter.com,16,S
612,Pauly,Tomaschke,ptomaschkegz@tiny.cc,39,XL
613,Alfredo,Kaufman,akaufmanh0@tamu.edu,34,M
614,Daryn,Stirzaker,dstirzakerh1@vinaora.com,25,XL
615,Adorne,Bendtsen,abendtsenh2@flavors.me,25,2XL
616,Emylee,O'Conor,eoconorh3@telegraph.co.uk,39,2XL
617,Brennen,Frantz,bfrantzh4@europa.eu,22,M
618,Kevan,Cawcutt,kcawcutth5@fc2.com,16,3XL
619,Merissa,Ipplett,mippletth6@shop-pro.jp,31,XL
620,Sidoney,Remon,sremonh7@upenn.edu,35,L
621,Aubert,Baser,abaserh8@skyrock.com,16,XL
622,Roanne,Knewstubb,rknewstubbh9@dailymotion.com,34,2XL
623,Hilary,Wardington,hwardingtonha@jiathis.com,26,XL
624,Reidar,Atte-Stone,rattestonehb@geocities.jp,37,M
625,Florina,Durran,fdurranhc@si.edu,28,3XL
626,Hi,Pogson,hpogsonhd@bloomberg.com,23,XL
627,Marney,Bicksteth,mbickstethhe@about.me,17,XS
628,Hobard,Melesk,hmeleskhf@ibm.com,22,XL
629,Fidela,Drinkel,fdrinkelhg@chronoengine.com,16,S
630,Napoleon,Tinton,ntintonhh@sfgate.com,29,3XL
631,Niven,Gorwood,ngorwoodhi@cbslocal.com,24,3XL
632,Tresa,Zuenelli,tzuenellihj@auda.org.au,37,S
633,Ambrose,Dyshart,adysharthk@purevolume.com,28,L
634,Chaddy,Rodden,croddenhl@squidoo.com,40,S
635,Lauritz,Hempel,lhempelhm@japanpost.jp,22,L
636,Caspar,De Rechter,cderechterhn@nationalgeographic.com,39,3XL
637,Corrianne,Scullin,cscullinho@webeden.co.uk,34,M
638,Olivette,Alywin,oalywinhp@cam.ac.uk,31,XS
639,Ginger,Duffield,gduffieldhq@walmart.com,18,XL
640,Babb,Mandry,bmandryhr@opera.com,40,3XL
641,Berkie,Sabater,bsabaterhs@chron.com,25,L
642,Delcina,Ragat,dragatht@nature.com,34,M
643,Brit,Hawkin,bhawkinhu@apple.com,19,XS
644,Willie,Guilaem,wguilaemhv@rakuten.co.jp,37,2XL
645,Flin,Gabbett,fgabbetthw@multiply.com,26,XL
646,Dall,Sailer,dsailerhx@creativecommons.org,38,3XL
647,Barty,Geeraert,bgeeraerthy@cocolog-nifty.com,34,XS
648,Hanan,Annear,hannearhz@ft.com,16,XS
649,Marketa,Taile,mtailei0@uol.com.br,40,XS
650,Rabi,Lightollers,rlightollersi1@cargocollective.com,16,L
651,Stefania,Henriksson,shenrikssoni2@comcast.net,16,M
652,Clara,Maffioni,cmaffionii3@themeforest.net,27,3XL
653,Verney,Gosnoll,vgosnolli4@time.com,40,M
654,Humbert,Stolberger,hstolbergeri5@amazon.co.jp,36,S
655,Regina,Robson,rrobsoni6@xinhuanet.com,21,2XL
656,Simonette,Cardon,scardoni7@dell.com,16,M
657,Carmelia,Halleybone,challeybonei8@tinyurl.com,40,L
658,Tadeo,Paroni,tparonii9@reuters.com,33,M
659,Cathrin,Hallbird,challbirdia@spiegel.de,39,S
660,Daisi,Cathrae,dcathraeib@omniture.com,27,S
661,Riobard,Dowyer,rdowyeric@goo.gl,30,XL
662,Margaux,Kezar,mkezarid@webmd.com,22,3XL
663,Hershel,Sigsworth,hsigsworthie@foxnews.com,33,L
664,Enos,Jerzak,ejerzakif@state.tx.us,28,2XL
665,Cory,Mattingson,cmattingsonig@dailymail.co.uk,21,M
666,Jacobo,Petrus,jpetrusih@google.com.au,31,M
667,Tiler,Dedham,tdedhamii@prnewswire.com,36,M
668,Ginni,Crummy,gcrummyij@about.com,25,XL
669,Cosimo,Bainbridge,cbainbridgeik@naver.com,31,3XL
670,Demeter,Imesen,dimesenil@mlb.com,22,S
671,Deidre,Drinkale,ddrinkaleim@sbwire.com,35,XS
672,Prinz,Heaney`,pheaneyin@squarespace.com,28,L
673,Karole,Stanton,kstantonio@creativecommons.org,32,XL
674,Orelia,Robelow,orobelowip@com.com,21,XL
675,Benito,Brede,bbredeiq@feedburner.com,29,XL
676,Rafa,Ebbetts,rebbettsir@wikimedia.org,21,XS
677,Otis,Roast,oroastis@craigslist.org,40,XS
678,Obidiah,Wittier,owittierit@reference.com,21,2XL
679,Ashbey,Maingot,amaingotiu@deliciousdays.com,24,3XL
680,Klemens,Totterdill,ktotterdilliv@hexun.com,36,S
681,Ellswerth,Warriner,ewarrineriw@mysql.com,28,2XL
682,Winny,Turpie,wturpieix@europa.eu,39,S
683,Daron,Simao,dsimaoiy@booking.com,35,2XL
684,Lindsey,Pengelly,lpengellyiz@imgur.com,19,L
685,Henka,Harley,hharleyj0@google.com.hk,22,XL
686,Myrtle,Leckey,mleckeyj1@baidu.com,32,M
687,Reeba,Odby,rodbyj2@blinklist.com,25,2XL
688,Lynsey,Emeney,lemeneyj3@archive.org,20,M
689,Codie,Lanphier,clanphierj4@newsvine.com,27,S
690,Elvyn,Mussalli,emussallij5@webeden.co.uk,18,M
691,Rosalinde,Edowes,redowesj6@blog.com,16,XL
692,Everard,Triggel,etriggelj7@wikispaces.com,18,M
693,Orelee,Laughrey,olaughreyj8@altervista.org,38,XL
694,Evangelin,Pepperell,epepperellj9@behance.net,36,2XL
695,Kit,Van der Brugge,kvanderbruggeja@pinterest.com,17,XS
696,Loraine,Whaplington,lwhaplingtonjb@vimeo.com,35,S
697,Darrelle,Rolph,drolphjc@wisc.edu,28,L
698,Horace,Blakemore,hblakemorejd@who.int,22,S
699,Lenci,Ferrillio,lferrillioje@yandex.ru,21,M
700,Patsy,Fere,pferejf@domainmarket.com,31,XS
701,Carmen,Howselee,chowseleejg@statcounter.com,18,S
702,Lacee,Crayker,lcraykerjh@newyorker.com,32,XL
703,Carlene,Endecott,cendecottji@amazonaws.com,31,XL
704,Hannis,Allardyce,hallardycejj@slideshare.net,26,S
705,Shellie,Slaymaker,sslaymakerjk@cnbc.com,20,S
706,Catlin,Keepin,ckeepinjl@vk.com,21,2XL
707,Libbie,Curtayne,lcurtaynejm@vimeo.com,20,S
708,Cully,Needs,cneedsjn@nbcnews.com,30,2XL
709,Lenka,Moscrop,lmoscropjo@webs.com,19,2XL
710,Alvin,Anderbrugge,aanderbruggejp@geocities.jp,25,S
711,Travers,Starrs,tstarrsjq@tamu.edu,34,M
712,Lindy,Mecozzi,lmecozzijr@spotify.com,34,L
713,Allene,Lynch,alynchjs@nih.gov,25,2XL
714,Conny,Royste,croystejt@php.net,26,S
715,Merola,Farlambe,mfarlambeju@angelfire.com,39,XL
716,Lolly,Childes,lchildesjv@typepad.com,34,XS
717,Elie,Dawidman,edawidmanjw@e-recht24.de,30,L
718,Ashla,Fenelon,afenelonjx@chron.com,38,M
719,Aura,Belf,abelfjy@spotify.com,28,XL
720,Charo,McSporon,cmcsporonjz@icq.com,25,XS
721,Mercedes,Stanistrete,mstanistretek0@sphinn.com,40,3XL
722,Cristiano,Jancar,cjancark1@technorati.com,34,S
723,Lamont,Druhan,ldruhank2@tumblr.com,27,2XL
724,Judah,Benardette,jbenardettek3@addthis.com,36,L
725,Robinetta,Weale,rwealek4@umn.edu,39,L
726,Jaquith,Durling,jdurlingk5@dropbox.com,40,XS
727,Jocelin,Tayler,jtaylerk6@telegraph.co.uk,31,L
728,Grove,Stanworth,gstanworthk7@cnn.com,18,XS
729,Maximilian,Maddin,mmaddink8@ucsd.edu,16,L
730,Rory,Lerego,rleregok9@loc.gov,40,XS
731,Merissa,Bezemer,mbezemerka@chicagotribune.com,31,2XL
732,Renate,Dellenty,rdellentykb@amazon.de,27,M
733,Winfield,Clineck,wclineckkc@theatlantic.com,35,2XL
734,Doro,Soans,dsoanskd@telegraph.co.uk,32,L
735,Thor,Tidbald,ttidbaldke@drupal.org,40,2XL
736,Genevieve,Blaine,gblainekf@ycombinator.com,39,S
737,Susie,Cassidy,scassidykg@springer.com,31,2XL
738,Eugenio,Luthwood,eluthwoodkh@usgs.gov,40,L
739,Almeda,Fitchell,afitchellki@ucoz.com,19,2XL
740,Del,Roskilly,droskillykj@facebook.com,38,XS
741,Row,Bowles,rbowleskk@shop-pro.jp,39,2XL
742,Redd,Bedingfield,rbedingfieldkl@nih.gov,17,S
743,Dugald,Dripp,ddrippkm@typepad.com,25,L
744,Symon,Folliott,sfolliottkn@wiley.com,29,S
745,Kiersten,Webley,kwebleyko@miibeian.gov.cn,32,3XL
746,Ingunna,Benazet,ibenazetkp@columbia.edu,17,2XL
747,Goldarina,Wasteney,gwasteneykq@mapy.cz,35,2XL
748,Emmaline,Bewly,ebewlykr@google.pl,36,M
749,Jodi,Rawll,jrawllks@nsw.gov.au,28,3XL
750,Karyl,Tuffield,ktuffieldkt@dailymail.co.uk,16,XL
751,Aggie,Galbraeth,agalbraethku@gravatar.com,26,S
752,Taryn,Verbeek,tverbeekkv@hexun.com,31,M
753,Salomon,Wickstead,swicksteadkw@rediff.com,33,L
754,Henrieta,Seager,hseagerkx@nba.com,31,3XL
755,Remy,Schimoni,rschimoniky@ycombinator.com,27,M
756,Virgilio,Holstein,vholsteinkz@phoca.cz,38,XS
757,Kale,Farraway,kfarrawayl0@hexun.com,30,XL
758,Florian,Pulley,fpulleyl1@chron.com,29,XL
759,Kathe,Carress,kcarressl2@slashdot.org,37,XS
760,Nada,Clemmensen,nclemmensenl3@yandex.ru,25,L
761,Devlin,Sweet,dsweetl4@etsy.com,24,3XL
762,Laina,Satterfitt,lsatterfittl5@weather.com,18,S
763,Donni,Chrismas,dchrismasl6@oakley.com,22,M
764,Aggy,Klaves,aklavesl7@house.gov,37,XS
765,Benjamin,Sly,bslyl8@guardian.co.uk,40,S
766,Evy,Smead,esmeadl9@jimdo.com,21,L
767,Catarina,Sturte,csturtela@ustream.tv,18,2XL
768,Regina,Fivey,rfiveylb@ftc.gov,16,XS
769,Bradly,Davidy,bdavidylc@wired.com,18,M
770,Stillmann,Pappi,spappild@purevolume.com,20,XS
771,Alie,Offener,aoffenerle@virginia.edu,23,L
772,Izaak,Kittle,ikittlelf@apple.com,31,3XL
773,Kipp,Watts,kwattslg@live.com,34,3XL
774,Pall,Blasius,pblasiuslh@nhs.uk,40,L
775,Veronike,Helversen,vhelversenli@photobucket.com,20,M
776,Fairleigh,Ritchings,fritchingslj@rakuten.co.jp,21,S
777,Emilia,Fevier,efevierlk@dagondesign.com,38,3XL
778,Marshal,Isakov,misakovll@squarespace.com,38,3XL
779,Merilyn,Gosland,mgoslandlm@webnode.com,21,3XL
780,Daffie,Gaskell,dgaskellln@acquirethisname.com,18,S
781,Ryon,Hardstaff,rhardstafflo@virginia.edu,39,L
782,Pepillo,Dightham,pdighthamlp@creativecommons.org,24,3XL
783,Mariellen,Brusby,mbrusbylq@etsy.com,22,S
784,Marena,Wilsher,mwilsherlr@spotify.com,29,S
785,Danila,Headland,dheadlandls@cnbc.com,18,XL
786,Grange,Studders,gstudderslt@samsung.com,19,3XL
787,Penni,Primak,pprimaklu@spotify.com,19,3XL
788,Morena,Hedney,mhedneylv@google.ru,38,L
789,Matty,Oene,moenelw@mozilla.org,32,S
790,Butch,Mcsarry,bmcsarrylx@sciencedirect.com,19,M
791,Sindee,Stickland,ssticklandly@google.it,25,2XL
792,George,Cornelissen,gcornelissenlz@businesswire.com,36,M
793,Coreen,O'Downe,codownem0@t.co,21,XS
794,Paulita,Gothliff,pgothliffm1@posterous.com,30,XS
795,Burgess,Victor,bvictorm2@un.org,32,M
796,Guinevere,Baraja,gbarajam3@google.nl,38,S
797,Crichton,Paolini,cpaolinim4@gravatar.com,38,XS
798,Elijah,Georgins,egeorginsm5@123-reg.co.uk,36,S
799,Nertie,Di Pietro,ndipietrom6@businessweek.com,25,3XL
800,Sigismond,Giblin,sgiblinm7@goo.ne.jp,35,L
801,Emmeline,Bernardeau,ebernardeaum8@japanpost.jp,21,L
802,Daryle,Tomaskov,dtomaskovm9@cnn.com,37,M
803,Web,Morat,wmoratma@buzzfeed.com,36,XL
804,Xenia,Stickells,xstickellsmb@goodreads.com,32,L
805,Ibrahim,Sitlington,isitlingtonmc@weather.com,28,M
806,Dewie,Soots,dsootsmd@fda.gov,29,L
807,Alexio,Kelk,akelkme@soup.io,36,S
808,Cissiee,Piercy,cpiercymf@thetimes.co.uk,24,L
809,Remy,Bibb,rbibbmg@theglobeandmail.com,22,L
810,Rodney,Romayn,rromaynmh@uol.com.br,20,2XL
811,Jerrilee,Monsey,jmonseymi@nytimes.com,25,3XL
812,Robenia,McIlvenny,rmcilvennymj@oracle.com,21,M
813,Esther,Bessey,ebesseymk@sbwire.com,40,3XL
814,Tyson,Granleese,tgranleeseml@prlog.org,36,XS
815,Estrellita,Madison,emadisonmm@google.de,29,XL
816,Dario,Orneles,dornelesmn@techcrunch.com,20,2XL
817,Roxy,Binnes,rbinnesmo@slate.com,23,M
818,Hilliary,Mogg,hmoggmp@photobucket.com,20,XS
819,Andre,Benyan,abenyanmq@canalblog.com,22,S
820,Stephi,Spyvye,sspyvyemr@ebay.co.uk,34,S
821,Vassili,Parysiak,vparysiakms@zdnet.com,36,L
822,Ingar,Deare,idearemt@telegraph.co.uk,32,XS
823,Aida,Porter,aportermu@wikispaces.com,38,3XL
824,Sibley,Edmondson,sedmondsonmv@senate.gov,23,L
825,Martyn,O'Sesnane,mosesnanemw@shareasale.com,24,XS
826,Merrilee,Trapp,mtrappmx@issuu.com,33,XL
827,Ottilie,O' Mullan,oomullanmy@intel.com,30,XL
828,Alva,Ruoss,aruossmz@theatlantic.com,33,XL
829,Nerta,Claxson,nclaxsonn0@bigcartel.com,31,XS
830,Peggi,Fitter,pfittern1@mit.edu,27,2XL
831,Terrell,Safont,tsafontn2@nih.gov,25,XL
832,Eduino,Kobierra,ekobierran3@shareasale.com,38,XS
833,Tracie,Illwell,tillwelln4@wiley.com,34,3XL
834,Fallon,Wildes,fwildesn5@parallels.com,38,XS
835,Pamella,Lum,plumn6@uiuc.edu,32,M
836,Daniella,Tubble,dtubblen7@whitehouse.gov,22,L
837,Georgy,Thorbon,gthorbonn8@facebook.com,30,XS
838,Britta,Theunissen,btheunissenn9@jigsy.com,19,3XL
839,Adora,Manon,amanonna@plala.or.jp,27,XS
840,Siward,Grigoire,sgrigoirenb@about.com,21,3XL
841,Andres,Challicombe,achallicombenc@joomla.org,30,S
842,Dirk,Winridge,dwinridgend@addtoany.com,34,S
843,Lou,Lashmar,llashmarne@arizona.edu,18,XL
844,Benji,Pridgeon,bpridgeonnf@multiply.com,21,S
845,Dyanne,Dunbobbin,ddunbobbinng@princeton.edu,31,XL
846,Sherwynd,Loughran,sloughrannh@upenn.edu,39,2XL
847,Baillie,Minthorpe,bminthorpeni@webeden.co.uk,17,2XL
848,Keriann,Jachtym,kjachtymnj@indiegogo.com,25,XL
849,Roobbie,Ollander,rollandernk@webeden.co.uk,40,XL
850,Vlad,Bysaker,vbysakernl@craigslist.org,33,XL
851,Vida,Bleazard,vbleazardnm@webs.com,18,M
852,Reinaldo,Bridden,rbriddennn@edublogs.org,25,2XL
853,Adriana,Bullocke,abullockeno@examiner.com,20,XL
854,Rosie,Gaudin,rgaudinnp@latimes.com,37,3XL
855,Briggs,Ivashechkin,bivashechkinnq@de.vu,25,M
856,Fonsie,Bonnette,fbonnettenr@facebook.com,31,2XL
857,Charlean,Berzon,cberzonns@theglobeandmail.com,19,3XL
858,Osborne,Burchatt,oburchattnt@imgur.com,32,M
859,Bobine,Maulin,bmaulinnu@hugedomains.com,40,L
860,Ursula,Peepall,upeepallnv@virginia.edu,37,L
861,Terri,Larrat,tlarratnw@ustream.tv,30,XL
862,Hewie,Quadri,hquadrinx@cargocollective.com,20,L
863,Darsey,Kassidy,dkassidyny@bravesites.com,32,L
864,Lizabeth,Furzer,lfurzernz@weebly.com,29,M
865,Toddie,Fegan,tfegano0@wisc.edu,36,S
866,Dalia,Hoolaghan,dhoolaghano1@apache.org,28,M
867,Justine,Danielian,jdanieliano2@ocn.ne.jp,20,XS
868,Sena,Gelling,sgellingo3@odnoklassniki.ru,33,3XL
869,Kara-lynn,Peet,kpeeto4@bloglines.com,37,XL
870,Minny,Fraulo,mfrauloo5@google.co.jp,18,L
871,Abran,Kiebes,akiebeso6@wikimedia.org,39,XL
872,Tarah,Buller,tbullero7@istockphoto.com,29,L
873,Tymon,Kilkenny,tkilkennyo8@barnesandnoble.com,37,L
874,Lazare,Gable,lgableo9@digg.com,22,M
875,Lib,Malby,lmalbyoa@list-manage.com,29,3XL
876,Gretta,Chaplain,gchaplainob@wsj.com,30,M
877,Benetta,Saddleton,bsaddletonoc@discovery.com,17,S
878,Sarene,McKue,smckueod@weebly.com,35,XL
879,Filia,Larimer,flarimeroe@gmpg.org,24,XL
880,Magda,Eslemont,meslemontof@abc.net.au,24,XS
881,Elnore,Margrem,emargremog@samsung.com,37,M
882,Shelli,Moiser,smoiseroh@i2i.jp,31,M
883,Moses,Halfacre,mhalfacreoi@usgs.gov,38,2XL
884,Eamon,Bassingden,ebassingdenoj@chronoengine.com,25,L
885,Theobald,Dunan,tdunanok@umich.edu,24,2XL
886,Reggy,Bissell,rbissellol@epa.gov,31,XS
887,Neville,Pitrasso,npitrassoom@ocn.ne.jp,27,XS
888,Ferdinand,O' Markey,fomarkeyon@dion.ne.jp,30,2XL
889,Quintina,Civitillo,qcivitillooo@deliciousdays.com,26,3XL
890,Marketa,Bambury,mbamburyop@biglobe.ne.jp,20,3XL
891,Clerissa,Stanluck,cstanluckoq@walmart.com,26,S
892,Francine,Carah,fcarahor@bloomberg.com,23,S
893,Levin,Cazereau,lcazereauos@webmd.com,21,L
894,Christy,Banyard,cbanyardot@archive.org,16,2XL
895,Marcelle,Heathcoat,mheathcoatou@jimdo.com,40,S
896,Margaretha,Keane,mkeaneov@nba.com,23,S
897,My,Dunwoody,mdunwoodyow@posterous.com,34,M
898,Tamra,Sartain,tsartainox@wikipedia.org,33,S
899,Egon,Del Dello,edeldellooy@ucoz.ru,36,XS
900,Kat,Paulin,kpaulinoz@i2i.jp,34,L
901,Cullen,Hawke,chawkep0@cbsnews.com,26,S
902,Lyle,Blown,lblownp1@sogou.com,32,2XL
903,Carolyne,Calles,ccallesp2@linkedin.com,22,XS
904,Whittaker,Sinott,wsinottp3@cbsnews.com,16,M
905,Alic,Buttle,abuttlep4@craigslist.org,25,XS
906,Yul,Petchell,ypetchellp5@ed.gov,35,M
907,Janela,Cabotto,jcabottop6@arizona.edu,32,L
908,Karney,Koch,kkochp7@telegraph.co.uk,19,M
909,Rancell,Bowden,rbowdenp8@wikia.com,28,XL
910,Gordy,Finessy,gfinessyp9@surveymonkey.com,25,XL
911,Lulita,Ailward,lailwardpa@devhub.com,22,XS
912,Chauncey,Quartermain,cquartermainpb@europa.eu,25,3XL
913,Powell,Raffels,praffelspc@virginia.edu,18,XL
914,Lezlie,Riatt,lriattpd@opensource.org,36,M
915,Blane,Wayte,bwaytepe@walmart.com,28,S
916,Rand,Verring,rverringpf@toplist.cz,38,M
917,Candice,Dicke,cdickepg@tamu.edu,30,L
918,Diandra,Behling,dbehlingph@wired.com,22,XL
919,Phaidra,Arnfield,parnfieldpi@wufoo.com,39,XS
920,Svend,Lantiff,slantiffpj@apple.com,39,2XL
921,Kore,Joan,kjoanpk@salon.com,30,S
922,Kayne,Zylberdik,kzylberdikpl@nature.com,27,S
923,Catie,Jankovic,cjankovicpm@sakura.ne.jp,21,XL
924,Windham,Wyd,wwydpn@facebook.com,19,L
925,Neely,Tribell,ntribellpo@who.int,33,L
926,Barret,Ellard,bellardpp@oaic.gov.au,29,2XL
927,Letisha,Maldin,lmaldinpq@sphinn.com,23,XS
928,Goldina,Janata,gjanatapr@sun.com,39,XL
929,Lezlie,Burt,lburtps@bigcartel.com,19,S
930,Geri,Prosser,gprosserpt@bloglines.com,38,3XL
931,Bary,Arndell,barndellpu@yellowpages.com,28,XS
932,Harald,Mullany,hmullanypv@wordpress.org,26,XL
933,Olva,Jiroutka,ojiroutkapw@nasa.gov,21,L
934,Persis,Tidy,ptidypx@ning.com,34,M
935,Erl,Roelvink,eroelvinkpy@ihg.com,30,XL
936,Kean,Genery,kgenerypz@theguardian.com,20,2XL
937,Mahalia,Christley,mchristleyq0@biblegateway.com,27,XL
938,Byron,Donat,bdonatq1@naver.com,17,XS
939,Gweneth,Nosworthy,gnosworthyq2@wp.com,35,S
940,Brittaney,Axford,baxfordq3@chronoengine.com,38,L
941,Otto,Geall,ogeallq4@scribd.com,32,XS
942,Kamila,Pennaman,kpennamanq5@addthis.com,17,M
943,Donnajean,Cesco,dcescoq6@pbs.org,17,2XL
944,Giles,Creyke,gcreykeq7@paypal.com,34,S
945,Fiorenze,Ramstead,framsteadq8@cdc.gov,24,L
946,Ernaline,MacAndreis,emacandreisq9@yahoo.co.jp,30,M
947,Dot,Blazynski,dblazynskiqa@answers.com,21,M
948,Anne-corinne,Huddlestone,ahuddlestoneqb@loc.gov,21,M
949,Noemi,Soanes,nsoanesqc@usnews.com,38,XL
950,Elysee,Allderidge,eallderidgeqd@unblog.fr,36,2XL
951,Scotti,McBeith,smcbeithqe@google.it,38,2XL
952,Siusan,Bodell,sbodellqf@walmart.com,38,L
953,Shir,Maingot,smaingotqg@hibu.com,34,S
954,Marylin,Halkyard,mhalkyardqh@biglobe.ne.jp,31,XS
955,Lorraine,Cogman,lcogmanqi@chron.com,33,XS
956,Dorry,Haffard,dhaffardqj@sun.com,21,XS
957,Trevar,Ritzman,tritzmanqk@cam.ac.uk,26,XL
958,Kaja,Westell,kwestellql@bloglines.com,29,S
959,Georgianna,Rump,grumpqm@jiathis.com,39,3XL
960,Hurley,Andric,handricqn@aboutads.info,40,XL
961,Jeramie,Schulter,jschulterqo@xing.com,26,M
962,Carleen,Stannering,cstanneringqp@xinhuanet.com,29,M
963,Row,Palffy,rpalffyqq@google.com,35,S
964,Toby,Toppas,ttoppasqr@google.com.hk,40,M
965,Jeanie,Arbor,jarborqs@imgur.com,36,XS
966,Sheela,MacGinley,smacginleyqt@cbc.ca,30,2XL
967,Andrei,Caccavale,acaccavalequ@ask.com,32,XL
968,Ketti,Rembrant,krembrantqv@flavors.me,28,L
969,Elwin,Dienes,edienesqw@nps.gov,33,XS
970,Mohammed,Blackden,mblackdenqx@artisteer.com,32,S
971,Kalindi,Sibbs,ksibbsqy@creativecommons.org,17,3XL
972,Hillyer,Kubala,hkubalaqz@buzzfeed.com,33,S
973,Lucretia,Foro,lforor0@dropbox.com,33,XS
974,Dunc,Wycliff,dwycliffr1@webs.com,16,S
975,Cesya,Pikhno,cpikhnor2@who.int,36,L
976,Zolly,Mewitt,zmewittr3@apache.org,16,M
977,Tripp,Grange,tgranger4@google.com.au,40,2XL
978,Kelby,Bartrap,kbartrapr5@lycos.com,31,L
979,Dame,Wingeatt,dwingeattr6@seesaa.net,19,2XL
980,Hadria,Andreone,handreoner7@spiegel.de,25,S
981,Alfonse,Shawdforth,ashawdforthr8@surveymonkey.com,30,XS
982,Luigi,Deverill,ldeverillr9@usgs.gov,24,XS
983,Bram,Lidstone,blidstonera@stumbleupon.com,34,XS
984,Gordie,Raubenheimer,graubenheimerrb@webs.com,16,S
985,Philbert,Dudhill,pdudhillrc@jiathis.com,25,S
986,Shelbi,Rochelle,srochellerd@sfgate.com,27,L
987,Marrilee,Bugg,mbuggre@japanpost.jp,39,3XL
988,Garland,McEntagart,gmcentagartrf@nationalgeographic.com,16,S
989,Nada,Skate,nskaterg@goo.ne.jp,34,L
990,Mela,Lessmare,mlessmarerh@upenn.edu,22,2XL
991,Harwilll,Cardow,hcardowri@wired.com,19,L
992,Rhona,Hollows,rhollowsrj@admin.ch,22,S
993,Lawrence,Diggar,ldiggarrk@amazonaws.com,26,XL
994,Wyn,Brenneke,wbrennekerl@thetimes.co.uk,39,XL
995,Poppy,Barensen,pbarensenrm@xing.com,30,S
996,Caddric,Cessford,ccessfordrn@wikispaces.com,18,M
997,Cirstoforo,Fendlen,cfendlenro@pagesperso-orange.fr,23,2XL
998,Derrick,Bryde,dbryderp@arstechnica.com,16,M
999,Haskel,Edgecombe,hedgecomberq@newsvine.com,20,3XL
1000,Etan,Gulleford,egullefordrr@berkeley.edu,33,XS
